SKU,Qty Sold,WSC no Rebate,Return Rate,Return Count,Wayfair Listing / Product Signal,Theme,Recommendation for Improvement,Listing / Review Evidence,,,Summary of Recommended Actions
TCLH1715,919,"$27,890.09",8.49%,78,TCLH1715 - exact public listing not recoverable from CSV export,Size & Dimensions,"Listing Link + Variant Clarity: Restore the exact Wayfair URL and add a variant grid showing every shape, size, fill, and color option.","CSV retained only the SKU display text, not the hyperlink target; public exact-code search did not find TCLH1715, while nearby Joss & Main TCLH pillow listings show many size/fill/color variants.",,,For unresolved SKU links: Recover the original column-F hyperlink targets or export from the source spreadsheet format so listing-specific review issues can be validated.
TCLH1714,481,"$19,879.15",7.28%,35,TCLH1714 - exact public listing not recoverable from CSV export,Size & Dimensions,"Variant Selection Clarity: Add exact dimension overlays and lifestyle scale images for each selectable pillow size/shape.","Exact-code search did not find TCLH1714; similar Joss & Main pillow listings use nearby TCLH codes and rely heavily on selectable shape/size/fill variants.",,,For pillows and bolsters: Prioritize dimensional imagery, on-sofa/on-bed scale context, and clear shape-size naming to reduce 'too small/too large' buyer's remorse.
TCLH1844,378,"$9,579.11",7.41%,28,Joss & Main Otterville Geometric Throw Pillow,Color & Size,"Color + Scale Context: Show the pillow on common furniture and add a close-up/color swatch image to clarify the ivory/cream geometric pattern.","Search result identified this as a 12 in. x 21 in. decorative pillow with strong ratings; opportunity is expectation-setting for rectangular scale and neutral color/pattern detail.",,,For color/patterned textiles: Add true-to-life color photos in neutral lighting plus concise undertone language, especially for cream, ivory, charcoal, green, rust, and multicolor patterns.
TCLH2079,335,"$14,890.00",9.25%,31,Joss & Main Cascade Tongas Accent Pillow,Color Representation,"True-to-Life Color: Add daylight and indoor-lighting photos plus color copy that names the background undertone and pattern contrast.","Wayfair snippet shows a 4.7-star product; a review noted the background color was hard to decipher, described as charcoal/green.",,,For quality/comfort concerns: Use close-up textile images, material/fill copy, and firmness or plushness callouts so buyers understand hand feel before ordering.
JSMN1754,329,"$11,087.74",13.98%,46,JSMN1754 - exact public listing not recoverable from CSV export,Listing Accuracy,"Listing Audit: Verify the SKU-to-listing mapping, restore the correct URL, and ensure the product page clearly states materials, dimensions, and return eligibility.","Wayfair keyword fetch returned broad unrelated results rather than the exact SKU; high return count makes link/listing integrity the first opportunity area.",,, 
TCLH1704,269,"$9,554.16",14.87%,40,TCLH1704 - exact public listing not recoverable from CSV export,Size & Dimensions,"Link + Size Validation: Restore the exact listing and add side-by-side imagery for all available sizes so shoppers do not infer scale from the wrong variant.","Exact public search did not find TCLH1704; similar Joss & Main pillow results emphasize multiple dimensions and fill options.",,,
TCLH2050,248,"$7,881.09",8.47%,21,AllModern Gumdrop Throw Pillow,Color Representation,"Color Option Imagery: Display every Gumdrop color in the same lighting and include plain-language color undertones for each option.","AllModern result shows Gumdrop Throw Pillow, 4.9 stars from 15 reviews, with multiple color/fill selections including red and blue variants.",,,
BNGL1335,237,"$5,267.60",6.33%,15,Bungalow Rose Abstract 1335 Throw Pillow,Quality & Appearance,"Material Close-Ups: Add microsuede texture close-ups and clarify that the insert is included, including expected softness/support level.","Search identified this as a Bungalow Rose square accent pillow made from microsuede with insert included; limited review detail surfaced.",,,
TCLH1707,227,"$8,762.73",7.05%,16,TCLH1707 - exact public listing not recoverable from CSV export,Listing Accuracy,"Product Page Hygiene: Confirm the correct live listing, then tighten the title, dimensions, fill, and material attributes so returns are not driven by SKU/page mismatch.","Exact-code search did not return a product-specific listing; public results collided with unrelated TCL appliance pages.",,,
THPS4013,179,"$3,593.28",4.47%,8,THPS4013 - exact public listing not recoverable from CSV export,Listing Accuracy,"SKU Mapping Review: Validate whether this is an internal or inactive item code and replace the CSV display text with the customer-facing product URL/name.","Search did not find a live Wayfair product page for THPS4013; results suggested it may be an internal/catalog identifier.",,,
TCLH1837,163,"$6,430.08",9.20%,15,Birch Lane Ticking Stripe Ruffled Accent Pillow,Size & Dimensions,"Scale + Detail Imagery: Add an on-bed or on-chair scale shot plus close-ups of the ruffle edge and stripe texture.","Search identified this as a Birch Lane/Siscovers ruffled accent pillow with a 4.9-star rating from about 19 reviews.",,,
TCLH1832,160,"$6,212.58",8.75%,14,Birch Lane Polo Stripe Ruffled Accent Pillow,Color & Size,"Stripe Color + Size Clarity: Add dimension overlays and close-up shots that show stripe color, ruffle volume, and fabric texture.","Search identified this as a Birch Lane Polo Stripe Ruffled Accent Pillow with a 4.9-star rating from 11 reviews.",,,
MCRW6752,150,"$3,880.53",6.67%,10,Mercury Row Wein Pillow Cover & Insert,Quality & Appearance,"Firmness Expectation: Add fill/firmness copy and a side-profile or compression image to clarify that the pillow may feel structured rather than soft.","Wayfair page shows 4.7 stars from 2,606 reviews; customers praise color, size, and quality, but some found firmness excessive.",,,
TCLH2034,148,"$5,704.27",17.57%,26,Birch Lane Stride Throw Pillow by Siscovers,Quality & Appearance,"Texture + Care Clarity: Add fabric close-ups, insert/fill details, and care instructions above the fold to reduce quality expectation gaps.","Search identified this as a Siscovers/Birch Lane Stride Throw Pillow with limited but positive review signal; return rate is the highest in the set.",,,
TCLH2036,138,"$6,053.33",3.62%,5,Birch Lane Trillium Throw Pillow by Siscovers,Color Representation,"Pattern Color Accuracy: Include close-ups and neutral-light imagery for the Trillium pattern so shoppers can judge true color and texture.","Search identified this as a Birch Lane Trillium Throw Pillow with a 5.0-star rating from 7 reviews.",,,
TCLH1752,123,"$4,463.59",9.76%,12,Birch Lane Polo Stripe Calypso Piped Bolster Pillow,Size & Dimensions,"Bolster Scale Context: Add an image on a bed/bench with exact bolster dimensions and a note on supportive insert feel.","Search identified this as a soft cotton, reversible piped bolster pillow rated about 4.9 stars; bolster items commonly need stronger scale cues.",,,
MCRW6753,121,"$2,271.45",9.09%,11,Mercury Row Polyester Bolster Pillow with Removable Cover and Insert,Size & Dimensions,"Size Comparison: Add lifestyle imagery and dimension callouts to prevent shoppers from underestimating the larger bolster size.","Wayfair page shows 4.6 stars from 436 reviews; customers like color and comfort, but some found the size larger than expected.",,,
TCLH1718,120,"$5,407.53",8.33%,10,TCLH1718 - exact public listing not recoverable from CSV export,Listing Accuracy,"Listing Recovery: Restore the correct product URL and audit the page for complete dimensions, material content, fill type, and color naming.","Exact-code search did not find a product-specific Wayfair/Joss & Main page; results were unrelated TCL appliance pages.",,,
BL26049,118,"$4,300.06",15.25%,18,BL26049 - exact public listing not recoverable from CSV export,Listing Accuracy,"SKU Collision Fix: Verify the Wayfair URL because public search resolves this code to unrelated non-Wayfair jewelry; then correct title/SKU metadata.","Exact search for BL26049 did not find a Wayfair listing and instead surfaced unrelated jewelry results, indicating a likely broken or non-public SKU mapping.",,,
TCLH2030,115,"$4,712.28",13.04%,15,Birch Lane Trillium Throw Pillow Lumbar by Siscovers,Size & Dimensions,"Lumbar Variant Clarity: Show this lumbar version next to square Trillium options and include a dimension overlay in the hero carousel.","Search identified this as a Birch Lane Trillium Throw Pillow Lumbar with a 4.6-star rating from 5 reviews.",,,
TCLH2073,115,"$4,811.02",9.57%,11,Joss & Main Otterville Block Bolster Pillow,Color & Size,"Bolster + Pattern Context: Add on-furniture scale imagery and close-up shots of the block pattern/color contrast.","Search identified this as Joss & Main Otterville Block Bolster Pillow with a 4.6-star rating from 13 reviews.",,,
