display_sku,prsku,category,color_count,sales_ltm_fandd_net_revenue,ordercount_ltm
WFBS1741,WFBS1741,Bedding,22,3374425.87,137315
W100380458,RHFA1261,Window,12,1650971.57,28171
W010974369,RHFA1204,Window,12,1319088.94,22389
W004950862,WFBS2294,Window,31,1312737.14,38047
W003463280,XKQ10353,Window,29,1090861.36,16497
W005483026,LFMF4992,Window,27,959555.55,8437
ANDV3018,ANDV3018,Bedding,20,956522.3,18304
WNPO9085,WNPO9085,Window,50,925510.43,23671
BDUR1377,BDUR1377,Bedding,17,817999.15,15594
W100467711,ANDV5673,Bedding,19,794171.29,23855
W002856700,BCMH2130,Window,49,768923.94,20396
W009609980,WSHE1046,Bedding,36,766905.05,21413
W100174405,BPOS1022,Window,14,734846.15,13105
BDUR1247,BDUR1247,Bedding,25,722463.65,16858
W008232511,WSHE1041,Bedding,63,701994.08,17580
BDUR1474,BDUR1474,Bedding,31,693243.39,14428
W008675387,HCIG1579,Bedding,22,671410.52,21543
W002344207,ANSL1008,Bath,20,637925.24,11537
W005161860,LFMF4294,Bedding,24,634900.58,10442
W005271118,RBSD4459,Window,34,559447.58,4959
SEDZ1026,SEDZ1026,Bedding,32,559303.76,8220
W112272335,DCUS1508,Window,12,546279.87,8836
W110458410,RHFA1300,Window,12,499437.41,8939
W005404995,LATU1040,Bath,24,498900.63,20519
W111853353,KBFC2338,Bedding,37,475106.56,9090
W110414662,ZUAA1312,Window,15,467231.31,5865
NAL1994,NAL1994,Bedding,56,447422.78,8487
GSTL1191,GSTL1191,Bedding,18,446343.25,8682
ERB10798,ERB10798,Bedding,46,426430.28,8629
BDUR1424,BDUR1424,Bedding,12,424406.07,11229
GSTL1192,GSTL1192,Bedding,18,419112.23,8574
BDUR2441,BDUR2441,Bedding,24,412636.09,8266
W005052452,BRSD3620,Bedding,19,394737.91,3431
W009437352,EUTA1011,Window,15,392357.31,10154
SEDZ1090,SEDZ1090,Bedding,27,385031.27,5780
W003371528,WLRO1509,Bedding,22,373581.52,5611
W004761582,DFUN1036,Bath,10,363170.3,22222
W001451452,WFBS2117,Window,24,356169.75,11471
W006112385,WNPR5086,Bedding,12,354934.67,7766
W007587566,TPFI1132,Window,10,354213.47,7942
BDUR1383,BDUR1383,Bedding,31,351676.95,8617
W005404955,TRPT1913,Bedding,37,331617.01,10795
W004846886,ANDV5108,Bedding,13,328730.43,4828
BDUR1254,BDUR1254,Bedding,22,327649.33,5971
W110839344,KBFC2058,Bedding,31,321587.32,7517
W110841239,XBAC1159,Bedding,12,318988.66,7586
W110549440,ZZKO2156,Window,11,317368.57,5587
ERB10969,ERB10969,Bedding,44,309740.21,7815
W100122304,AAOF1790,Window,24,308330.87,5360
W004213105,ANSL1027,Bath,20,302669.15,5541
W100782003,ENDG2679,Bedding,14,297999.12,8802
ANSL1045,ANSL1045,Bath,10,296053.72,5795
W005759596,MITN4411,Bedding,47,282018.1,6978
W005000544,CHMB1504,Bedding,17,278440.33,1267
WWMA1006,WWMA1006,Bedding,22,267356.74,2469
W110586924,WFBS2366,Window,13,265484.0,7146
W005485526,LFMF4289,Bedding,24,265332.0,6305
W002130089,SUNZ1268,Window,24,262432.86,7787
BDUR1646,BDUR1646,Bedding,36,262132.57,4237
W112277493,BDUR1641,Bedding,27,260661.11,5304
LURR1173,LURR1173,Bath,10,254436.24,5858
W100527149,JNCH1461,Window,10,252650.81,5033
ERB1759,ERB1759,Bedding,13,252561.16,11243
W005704148,AOAI1023,Bedding,43,250953.71,7447
W003156760,FMFC1009,Window,12,248062.23,4347
BDUR1473,BDUR1473,Bedding,19,247397.72,4668
W001131986,SHOH1003,Bedding,19,244310.93,7783
BDUR1384,BDUR1384,Bedding,11,243632.61,4416
W110569750,LLIJ1204,Window,70,243398.88,1134
W112277495,BDUR1643,Bedding,29,235413.45,7814
TCTZ1573,TCTZ1573,Bath,12,231874.79,2804
BDUR1433,BDUR1433,Bedding,28,231423.22,6276
BCHH2614,BCHH2614,Window,19,229443.23,3810
W006984065,CEZM1066,Bedding,11,224891.7,2597
W100768659,ENDG2666,Bedding,16,222042.69,7269
BDUR1491,BDUR1491,Bedding,23,218200.85,4584
BDUR1712,BDUR1712,Bedding,19,212648.1,2842
W007621317,WLRO1637,Window,32,204908.16,7765
BDUR1334,BDUR1334,Bedding,19,196683.51,5647
GSTL1063,GSTL1063,Bedding,21,195850.67,8158
W005404702,TDCO1095,Window,13,190987.58,5244
W008942609,TPFI1148,Bedding,10,190701.87,9134
EBND4138,EBND4138,Bedding,36,188052.18,7141
W005574248,ZYWR1291,Bath,24,186957.01,2031
W112343960,ANSL1087,Bath,18,185289.54,3962
RRGE1206,RRGE1206,Bedding,17,184327.74,2944
W110569752,XKQ10939,Window,17,183189.24,1387
W100808357,NGIN1145,Bedding,12,182644.49,4225
BDUR1691,BDUR1691,Bedding,23,179038.19,3786
W003456241,RCLF2356,Bedding,20,176934.74,3081
BDUR2833,BDUR2833,Bedding,28,174142.46,5165
LLIJ1373,LLIJ1373,Window,21,173403.73,697
W005141007,AOLO1066,Bedding,13,172373.63,4311
W100524093,SEDZ1002,Bedding,29,170637.04,2264
WFSL1252,WFSL1252,Bedding,10,166963.7,1398
RRGE1184,RRGE1184,Bedding,12,166004.85,2421
W005406052,XKQ10875,Window,10,163097.44,1903
W002245317,CESH1031,Bedding,15,162203.81,2866
W111371439,KOEN1008,Window,10,161212.34,3883
W008792278,MRCL1110,Bedding,12,158560.29,1545
W111933201,TBL10947,Bedding,51,157159.55,2475
W011182418,BPOS1012,Bath,15,156626.84,4296
W003561902,ALMN1007,Window,10,156146.97,3957
W005406628,EDIV1004,Bedding,10,154478.68,3122
W006705914,MCRW8139,Window,24,151561.96,4841
W003240428,CHLH4353,Bath,17,148672.25,3521
BDUR1720,BDUR1720,Bedding,21,146159.86,3937
W005060849,CRLM3889,Bedding,22,144856.79,2896
RRGE1195,RRGE1195,Bedding,27,143204.43,4445
BKIE1030,BKIE1030,Bedding,14,142995.02,799
WFBS1855,WFBS1855,Bedding,18,142858.73,7950
BDUR1728,BDUR1728,Bedding,17,141578.05,5170
RRGE1197,RRGE1197,Bedding,12,138859.43,1431
BDUR1678,BDUR1678,Bedding,12,135074.46,3700
W004919826,HGHM1012,Window,15,133502.54,2867
LLIJ1374,LLIJ1374,Window,25,131659.72,613
BTY1111,BTY1111,Bedding,10,120015.31,1462
W005486159,HRBE3632,Window,12,118812.48,2198
W112944205,HGLN4613,Bath,14,117809.85,3367
W111288358,RBSE4277,Bedding,29,117636.51,2084
W000715255,LURR1167,Bath,11,116806.53,4384
W000797844,ACOT4539,Bedding,14,116541.41,3057
RRGE1222,RRGE1222,Bedding,12,116199.07,1451
W117090234,BL26052,Bath,24,114948.89,1716
W113203934,GSNB1170,Window,25,113914.27,2535
BDUR1413,BDUR1413,Bedding,20,113598.97,3789
W100799362,TPFI1208,Bedding,15,113198.76,4883
W111857247,KOEN1020,Window,12,113129.77,2358
W100298114,WNTX1058,Bedding,19,112183.38,1706
W004190260,ANSL1026,Bath,20,111764.74,4410
W003975029,CEZM1052,Bedding,29,111126.03,2433
JLYI1279,JLYI1279,Bedding,12,110868.94,1953
LURR1172,LURR1172,Bath,10,109369.71,1257
CKAI1012,CKAI1012,Bedding,24,109083.41,2817
BDUR1272,BDUR1272,Bedding,10,108810.32,2155
W112277497,BDUR1645,Bedding,10,108283.54,1905
BDUR1792,BDUR1792,Bedding,20,108087.15,2438
WFBS1919,WFBS1919,Window,18,107988.81,3391
W009300658,LRKM5720,Bedding,20,106359.1,2976
BDUR1262,BDUR1262,Bedding,20,106335.35,2213
W006110323,TCKP1310,Bath,12,103617.28,1213
W112916744,OALL2490,Bedding,10,102017.26,1155
LLIJ1376,LLIJ1376,Window,70,101687.12,470
W100537679,CEZM1341,Bedding,14,101629.43,1475
BTY1244,BTY1244,Bedding,13,101206.4,1949
W004998484,WLAO2621,Bedding,13,101111.96,3052
W002173016,MBWI1113,Bedding,54,98961.66,2347
W110738338,ENDG3347,Bedding,24,98829.37,2385
RRGE1200,RRGE1200,Bedding,19,98587.11,1402
HCIG1811,HCIG1811,Bedding,10,97720.12,3461
W003239774,JLYI1004,Bedding,11,96942.43,2498
W100527148,JNCH1460,Window,10,95358.51,2067
WFBS1602,WFBS1602,Window,15,93481.96,2267
BDUR1165,BDUR1165,Bedding,28,93151.75,2173
W100260711,ANSL1064,Bath,15,92814.76,1167
LLIJ1431,LLIJ1431,Bedding,70,92672.41,1885
W112671184,LFMF5351,Window,23,91900.6,2149
BDUR1333,BDUR1333,Bedding,30,90550.79,3309
W100781424,LATG1112,Bedding,14,90083.36,1422
W004626715,CEZM1000,Bedding,18,89641.49,1338
BDUR1253,BDUR1253,Bedding,15,89596.32,3065
W004822403,MACK1125,Bedding,25,88728.51,2173
W110571152,NDPJ2918,Bath,18,87695.89,2231
W004440264,GPDH1185,Window,12,87411.43,3003
W003295137,FNRE1431,Bedding,27,85888.24,695
ANDV2991,ANDV2991,Bedding,21,85767.87,2622
W007056610,CEZM1068,Bedding,17,85100.72,1853
TPFI1002,TPFI1002,Bedding,12,85049.27,4424
BDIS1132,BDIS1132,Bath,26,82837.8,1376
DNEU1010,DNEU1010,Bedding,21,82770.99,1317
BDUR1205,BDUR1205,Bedding,13,82703.48,2011
QO10370,QO10370,Bedding,30,82461.15,1407
BDUR1464,BDUR1464,Bedding,10,82264.31,3002
W008698126,LLIJ1187,Window,13,82256.12,702
WWMA1004,WWMA1004,Bedding,11,81022.11,884
W005060339,LCTN1170,Window,15,80534.72,2498
W004570762,GSNB1040,Window,11,79976.84,1537
W112458930,KOEN1042,Window,10,79691.52,1874
W100823125,WDLM1286,Window,27,79325.06,2036
W113213979,GSNB1173,Window,27,79038.76,1810
W006446232,CEZM1038,Bedding,12,79012.74,1137
W001744763,CHMB2120,Bath,10,78356.56,3275
W007117144,SSET1492,Bedding,56,76333.55,1017
W010553345,CEZM1242,Bedding,14,76008.8,1194
W004899441,XKQ10327,Window,19,75546.93,1169
W005523940,DCNV1595,Window,17,75016.9,1798
W000756662,YA63692,Bedding,25,74975.29,1269
W000452257,CEEC1017,Bedding,10,73783.54,1916
W006539344,CHMB2542,Bedding,11,73367.85,1183
W113010425,BMMA1016,Bath,15,73061.5,1125
W005360768,SHOH1002,Bedding,13,72274.13,1841
W100480638,DBYC4521,Bedding,10,72232.78,270
HVQ11466,HVQ11466,Bedding,14,71191.29,650
RDBT4653,RDBT4653,Bedding,13,71053.86,2619
W006968030,WFBS1588,Bath,10,70866.6,940
SSET1805,SSET1805,Bedding,16,70313.16,1040
WLR1315,WLR1315,Bedding,12,69951.64,852
JLYI1266,JLYI1266,Bedding,10,69352.09,2197
W004245519,LDER3582,Bath,19,68509.52,2920
W004992844,WRLO6309,Window,18,68210.14,1474
WFBS1916,WFBS1916,Window,13,67832.16,2022
W003832139,ACRY2798,Bedding,18,67023.01,2153
W009993457,TPFI1173,Bedding,11,66971.29,3339
JAZA1013,JAZA1013,Bedding,11,66418.49,1623
W111210243,KBST1240,Window,10,66164.28,2011
W004948085,DCNV1550,Bedding,20,65955.76,2598
ACOT4343,ACOT4343,Window,23,65878.08,1539
W001943250,BLN2512,Bedding,11,65851.67,1422
BADI1280,BADI1280,Bedding,12,65791.62,2173
W110317060,EUTA1018,Window,10,65631.83,1551
BDUR1435,BDUR1435,Bedding,17,65431.61,1679
W005481936,SBTU1539,Bedding,16,65239.48,880
ZPCD6113,ZPCD6113,Bath,21,64932.05,905
W001466953,POFR1110,Bedding,21,63962.54,1421
W001105241,CST53479,Bedding,59,63324.61,762
W004534702,ZZKO1440,Window,10,63312.9,1363
W005483188,TRPT2379,Bedding,17,63292.99,1608
AAUV1218,AAUV1218,Bedding,38,63041.29,946
BPOS1054,BPOS1054,Window,11,62556.99,1131
BDUR1702,BDUR1702,Bedding,12,62386.39,1004
W005162739,CHMB2458,Bath,10,62339.99,2625
BCTS1190,BCTS1190,Bedding,34,62196.67,2190
W011346169,ZZKO1775,Window,13,61801.36,930
W005160589,HOHN8152,Window,13,61519.3,496
W006445406,CEZM1037,Bedding,10,61142.19,895
BDUR1480,BDUR1480,Bedding,11,60776.23,1116
W005482569,PHN1475,Bedding,10,60671.93,1399
W007728675,HVQ11103,Window,13,60220.62,243
W005525632,DCNV1586,Window,18,59102.26,1344
BKWT4087,BKWT4087,Bedding,18,59077.18,2940
W006111699,THRE2830,Bath,21,58959.92,1471
W011384239,CIFY1003,Bedding,19,58474.5,880
W004367951,ACOT7450,Bedding,15,58226.14,1214
SUNZ1309,SUNZ1309,Window,15,57454.12,1146
W110321199,LBHX5412,Bedding,15,57284.9,1360
BDUR1880,BDUR1880,Bedding,32,57283.14,1912
W100362306,CEZM1317,Bedding,10,56985.73,955
W002842027,CRLM4222,Window,26,56916.09,1783
DCNV2252,DCNV2252,Bedding,12,56858.03,2874
WWMA1197,WWMA1197,Bedding,15,56781.97,667
W112360782,ANSL1090,Bath,18,56105.25,1077
W004780280,ATGR5841,Bedding,19,55848.66,1766
W002818158,MACK1106,Window,20,55825.95,1419
BDUR1203,BDUR1203,Bedding,13,55769.31,1917
W100417086,CEZM1335,Bedding,24,55688.66,1421
JLYI1268,JLYI1268,Bedding,18,55460.51,2036
W007010657,AAMM2342,Bath,12,55226.42,1708
W002674575,DABY2882,Bedding,13,54849.82,200
JCYC1151,JCYC1151,Bedding,14,54145.0,1658
W001003149,HATG1021,Bedding,18,54053.64,529
LLIJ1656,LLIJ1656,Window,63,53910.26,249
W009468128,PHSC1040,Bedding,12,53821.25,1738
W005075303,AWEW1020,Bath,18,53580.93,1528
W100661937,IPCR1013,Bedding,17,53537.28,1688
W005933247,CHMB1442,Bedding,10,53445.38,822
ERB10691,ERB10691,Bedding,17,52933.19,1817
MECY3301,MECY3301,Bedding,12,52895.0,1837
BDUR2536,BDUR2536,Bedding,27,52795.06,2243
W000068661,TRPT2378,Bedding,18,52589.49,1328
LLIJ1662,LLIJ1662,Window,22,52579.63,118
W005179480,SEPL1001,Bedding,17,52543.1,443
W008704042,TWXL1455,Bedding,61,52019.44,674
W003484935,CHMB1778,Bedding,12,51735.17,2328
W009151038,ANSL1047,Bath,15,51685.25,2140
W110906041,TCLH1715,Bedding,11,51680.36,552
GSTL1198,GSTL1198,Bedding,40,51117.74,1737
W001577642,NCWB1163,Bath,14,50825.03,622
MKK1382,MKK1382,Bedding,12,50801.74,477
BDUR1460,BDUR1460,Bedding,17,50789.81,1445
W000815273,ANEW1164,Bedding,13,50754.13,863
W000278545,FASY1091,Bedding,12,50656.63,582
LLIJ1401,LLIJ1401,Window,25,50493.13,162
W005271160,MCRR1630,Bedding,11,50465.8,1111
LLIJ1419,LLIJ1419,Window,70,49864.42,160
TRLT1073,TRLT1073,Window,32,49044.38,859
W005273657,OCCJ1187,Bedding,18,48739.82,548
DOOF1008,DOOF1008,Bedding,15,48608.7,879
W004803919,ANSL1009,Bath,20,48091.87,1023
DCNV1822,DCNV1822,Window,20,47865.37,885
W004780288,ZPCD6046,Bath,15,47698.27,1423
CKAI1019,CKAI1019,Bedding,24,47427.71,993
W005406215,MBWI1000,Bedding,49,47362.19,2318
W007118753,CEEC1171,Bedding,13,47288.78,1168
W002636153,SSFL1417,Bedding,16,46924.95,925
DCNV2259,DCNV2259,Bedding,10,46823.72,2256
W002509149,HVQ11034,Bedding,14,46467.96,131
W005484820,THPS4478,Bedding,17,46419.96,1128
JLYI1275,JLYI1275,Bedding,10,46293.85,689
W000356863,CST55411,Bedding,63,45968.81,675
DBYC4445,DBYC4445,Bedding,15,45541.2,797
MSTT6519,MSTT6519,Bedding,34,45464.87,769
DBYC4444,DBYC4444,Bedding,37,45217.51,882
RVBH1166,RVBH1166,Bedding,12,45170.87,434
BDUR1136,BDUR1136,Bedding,20,45031.51,1115
AAHR1052,AAHR1052,Bedding,10,44993.99,967
W005485190,ALCT4601,Bedding,13,44862.23,479
W004804464,ANSL1006,Bath,22,43820.24,822
W004592956,FBWX1454,Bath,19,43788.88,673
XBAC1062,XBAC1062,Bedding,11,43770.13,1555
W000484545,ZPCD4575,Bedding,12,43515.13,704
W113217449,GSNB1182,Window,15,42902.81,831
W005481937,CHMB1670,Bedding,16,42793.29,732
BDUR1624,BDUR1624,Bedding,17,42769.86,1140
W004885734,CHMB1562,Bedding,36,41409.58,1431
W005052401,THRE3512,Bath,24,40980.35,642
W005162382,MBWI1082,Bedding,16,40942.85,1278
W002292611,HSHD1308,Bedding,15,40907.52,727
W005484798,FBWX1127,Bath,14,40878.54,1309
W003486551,GSNB1013,Window,13,40848.68,809
RRGE1188,RRGE1188,Bedding,15,40771.93,490
PLYH1143,PLYH1143,Bath,10,40760.96,956
W005270500,LJD10374,Bath,14,40745.48,1097
ACOT4344,ACOT4344,Window,40,40428.83,968
DCNV1817,DCNV1817,Window,11,40391.58,780
W004083176,DRBH6308,Bath,19,40037.72,635
W004910253,WFBS2292,Window,17,39892.81,1603
W004999576,ZPCD6045,Bath,15,39839.27,1204
CST28363,CST28363,Bath,11,39808.08,634
BDUR1567,BDUR1567,Bedding,55,39757.01,1573
W005404862,MBWI1068,Bedding,36,39674.44,1898
W004779706,VVRE5538,Bedding,61,39581.95,925
W001837376,CEZM1079,Window,13,39416.77,604
W006495432,HVQ11058,Bedding,14,39358.4,97
W100658811,YA83752,Bedding,14,39270.32,485
W004255846,LJD10111,Window,11,39092.34,604
W112647095,KOEN1047,Window,11,39089.43,824
W003528760,SSET1514,Bedding,32,38955.72,639
W001827791,ZYWR1237,Bath,24,38935.93,470
ANDV3068,ANDV3068,Bedding,46,38919.53,743
W004425807,DDCJ3331,Bedding,10,38809.76,688
BSQO1000,BSQO1000,Bedding,24,38756.33,582
W003224955,LJD10375,Window,16,38464.62,540
W001672356,OPHL2538,Bedding,11,38369.8,584
W005486329,ORNL7683,Bedding,24,38128.38,1951
W100834020,RBSE2075,Bath,21,38097.69,1507
LTDR8191,LTDR8191,Bath,11,37913.79,612
W002110466,GGGR1439,Window,18,37889.1,1218
BDUR3025,BDUR3025,Bedding,10,37839.33,688
DOOF1000,DOOF1000,Bedding,15,37832.93,953
DFHO1042,DFHO1042,Bath,19,37826.83,1622
W000624911,HLCN1006,Bedding,13,37555.2,590
DUGG1018,DUGG1018,Bedding,17,37306.04,1007
CKAI1008,CKAI1008,Bedding,14,37295.57,928
W000458335,ANEW3780,Bedding,37,37293.86,1515
W006771666,RSDP1914,Bedding,12,36956.23,705
BKIE1026,BKIE1026,Bedding,16,36878.35,218
W000832522,VRKG1252,Bedding,25,36800.04,1418
W002573711,AGTG8288,Window,10,36577.38,628
W111094762,ENDG3653,Bedding,13,36514.07,664
W113975209,OPAH1086,Window,13,36509.89,1442
W011267040,AWEW1079,Bath,16,36482.83,1128
W000999659,ASTG1894,Window,13,36456.21,284
W000291977,BTRE1508,Bath,22,36372.15,1101
W113681119,LATG6779,Window,19,36086.41,1047
W007359687,CEZM1082,Bedding,14,36055.6,536
W007665453,GCEO4160,Window,16,36039.05,988
W006879663,ANSL1007,Bath,20,35968.05,2228
DOOF1004,DOOF1004,Bedding,15,35873.9,730
W009335722,ULIH2816,Bedding,11,35548.63,473
W002081620,BDOK1049,Bedding,13,35391.3,609
W007062817,HVQ11070,Bedding,14,35238.68,130
WFBS1601,WFBS1601,Window,14,35183.24,1058
SEDZ1027,SEDZ1027,Bedding,18,35137.51,545
W111185468,RBHO1012,Window,12,34790.7,785
W000831804,BHLV1067,Bedding,11,34636.6,769
W005168996,BNJV2637,Bedding,27,34594.01,1319
CKAI1006,CKAI1006,Bedding,17,34544.62,795
EDIV2459,EDIV2459,Bedding,24,34168.85,874
W005060573,DBHC6227,Bedding,20,34162.97,877
W100644397,ZYWR1833,Bath,21,34089.86,382
W115134790,SACP1319,Bath,11,33972.06,1187
CRLM5536,CRLM5536,Bedding,27,33890.85,1287
W100694039,YA83888,Bedding,10,33845.1,604
W007670768,RBSD7856,Bath,16,33477.85,1170
W110253551,GSTL1161,Bedding,37,33416.55,1555
W003296098,VCGF1000,Bedding,26,33159.77,864
RRGE1220,RRGE1220,Bedding,11,32737.42,433
W011288526,HAEQ1548,Bath,17,32735.45,623
W110289393,BTLL1335,Bedding,12,32709.67,447
SEDZ1044,SEDZ1044,Bedding,21,32633.52,894
W006995988,FBWX1490,Bath,19,32494.79,1159
THJL6018,THJL6018,Bedding,14,32460.63,901
W001370445,TRPT1858,Bedding,16,32392.41,390
W010691182,CEZM1264,Window,13,32361.25,548
W005041435,AOAI1133,Bedding,49,32335.52,998
LBHS2431,LBHS2431,Bedding,11,32293.28,214
W010553135,CEZM1238,Bedding,15,32263.33,448
W000473370,LFMF1177,Bedding,10,32220.88,577
BKIE1000,BKIE1000,Bedding,10,32144.66,411
W006110640,THRE3513,Bath,24,32143.03,727
W010401859,WDLN5201,Window,11,31891.37,770
W112193358,BPOS1103,Bath,16,31769.93,1913
W011431215,GNF10267,Bedding,12,31751.4,585
W004774518,WLAO4456,Bedding,14,30742.08,372
W005405529,AAOW1649,Bedding,11,30663.07,235
W113242394,GSNB1201,Window,10,30592.74,1173
CHMB2412,CHMB2412,Bath,24,30586.34,1033
W000499305,CHLH1776,Bath,19,30544.91,789
LLIJ1682,LLIJ1682,Window,15,30187.23,90
W000998997,CCHM1015,Bath,10,30170.32,898
W007006477,JHAA1004,Bedding,27,30051.53,849
W005303771,DCNV1569,Window,12,29827.38,909
W112985443,IOHU1766,Bath,10,29780.6,838
VRKG3609,VRKG3609,Window,12,29673.27,748
WLAO4457,WLAO4457,Bedding,11,29625.22,404
W100863006,TWXL1700,Bedding,20,29603.37,453
W113174433,VCFE1430,Window,11,29408.79,437
GSTL1203,GSTL1203,Bedding,11,29345.1,770
W002854987,CHMB2471,Bedding,13,29337.16,483
W003197843,SBTU1540,Bedding,16,29127.8,413
W112358255,ANSL1088,Bath,18,29108.15,1148
W005271429,DBYH8467,Bedding,15,28968.49,394
W004999524,BL24233,Window,13,28930.19,493
PLYH1140,PLYH1140,Bath,10,28722.2,627
JLYI1293,JLYI1293,Bedding,19,28701.9,704
W003474210,TCTZ1163,Bedding,12,28684.01,1029
W005163408,LURR1171,Bath,10,28667.66,671
W003305147,NDPJ2912,Bath,16,28596.17,768
W004326055,DCNV1502,Bedding,24,28542.42,1495
W004680374,SUBX1472,Bath,13,28434.12,1657
BDUR1186,BDUR1186,Bedding,18,28395.94,642
RVAN1038,RVAN1038,Bedding,34,28386.15,665
AXBT1043,AXBT1043,Bedding,12,28373.95,295
W005198679,GSNB1045,Window,11,28241.85,606
W005042146,HREN1377,Bedding,21,28240.2,881
TWXL1656,TWXL1656,Bedding,17,28147.4,352
W006894559,GPDH1229,Window,11,28119.35,776
W113555648,OPAH1068,Window,12,27906.15,951
CEZM1174,CEZM1174,Bedding,24,27849.54,509
W004774578,WRLO1337,Window,20,27755.6,566
W001658772,DSLY1004,Bath,13,27656.96,845
W004948350,DCNV1551,Bedding,24,27535.88,1320
W004807466,HSHD1373,Bedding,14,27511.21,609
W005063021,OPCO2587,Window,10,27320.22,360
W002985646,HREN1255,Bedding,24,27181.56,906
W004281323,ANDV2989,Bedding,13,27123.96,1169
LTDR8190,LTDR8190,Bath,11,26994.72,320
BDUR1689,BDUR1689,Bedding,10,26952.86,459
KBFC2412,KBFC2412,Bedding,12,26849.93,904
W110289387,BTLL1330,Bedding,14,26783.91,750
W000559316,SHOH1001,Bedding,19,26692.19,1172
W006561819,VQM12608,Bedding,17,26525.97,185
TWXL1663,TWXL1663,Bedding,27,26510.51,642
W001995530,NDPJ2053,Bath,11,26474.97,657
W100463710,ALTL5927,Bedding,12,26086.93,993
PLYH1216,PLYH1216,Bath,10,26084.69,639
BDUR1244,BDUR1244,Bedding,18,25979.54,682
W008136814,SWET2156,Window,13,25965.61,526
W009623254,ENDG1411,Bedding,12,25880.7,480
W003641862,DDCJ3361,Bedding,10,25734.54,405
W005404755,LATD3917,Window,12,25654.94,464
AUGV4138,AUGV4138,Bedding,23,25649.39,495
EDIV2432,EDIV2432,Bedding,21,25442.12,615
DRBC2365,DRBC2365,Bedding,17,25438.56,504
W110410283,IPCR1016,Bedding,14,25390.82,659
BDUR1568,BDUR1568,Bedding,28,25379.39,1220
W004147714,OAOH1000,Bedding,28,25262.48,637
W110257797,ACRY2888,Bedding,20,25222.51,608
W005011694,BCND1001,Window,10,25075.52,205
W100465082,ACRY2856,Bedding,19,24967.72,727
W100644401,ZYWR1834,Bath,21,24897.33,363
W011431258,GNF10268,Bedding,12,24828.46,334
W113215878,GSNB1174,Window,15,24736.64,483
W100440115,ACRY2854,Bedding,19,24710.64,633
W003467605,WDLN1434,Bath,11,24664.91,553
NDIS1000,NDIS1000,Bath,10,24498.59,359
W009319024,HAEQ1501,Bath,11,24443.66,351
W002081730,BDOK1048,Bedding,11,24345.28,444
ABBC1030,ABBC1030,Bedding,16,24330.81,177
W001868524,AAUV1213,Bedding,11,24192.21,378
RRGE1231,RRGE1231,Bedding,11,24134.83,291
LLIJ1310,LLIJ1310,Window,12,24066.83,173
CST28349,CST28349,Bath,11,24057.62,474
TWXL1584,TWXL1584,Bedding,14,23750.17,310
W009893559,PHSC1118,Bedding,15,23738.27,689
CKAI1018,CKAI1018,Bedding,14,23728.74,604
W005932786,CHMB1525,Bedding,12,23719.2,439
W003772230,AGRV4741,Window,16,23650.5,421
W114267478,CSTU3485,Bath,12,23557.13,610
ULIH4094,ULIH4094,Bedding,11,23476.89,315
W005454364,DCNV1574,Window,15,23406.8,573
LLIJ1207,LLIJ1207,Bedding,19,23375.42,704
W004844143,WRRS1519,Bath,21,23314.69,764
W003985302,WRLO6193,Window,12,23182.83,435
QLLB1005,QLLB1005,Bedding,12,23093.93,358
W009198240,ENDG1239,Bedding,23,23078.49,534
EYQN6663,EYQN6663,Window,14,23065.59,357
W005483444,ZPCD3840,Bedding,20,22869.15,296
W005486379,CHMB2475,Bedding,33,22843.65,746
W111683870,DCNV2015,Window,10,22822.3,389
CKAI1020,CKAI1020,Bedding,26,22764.96,870
W001756910,ANEW4416,Bedding,14,22764.05,530
W005406079,ENDE6647,Bath,19,22762.88,409
DCNV1832,DCNV1832,Window,15,22751.58,449
BDUR1374,BDUR1374,Bedding,17,22513.55,762
SHOH1008,SHOH1008,Bedding,19,22511.33,654
W111064100,KBFC2318,Bath,10,22494.36,719
W113683908,OPAH1084,Window,11,22486.0,395
W113213981,GSNB1172,Window,27,22415.97,517
W100004680,TKMK1789,Bedding,10,22128.44,642
BDUR2345,BDUR2345,Bedding,10,22111.24,461
W010440156,CEZM1233,Bedding,10,22104.31,452
W010234719,ULIH2965,Bedding,10,21957.29,286
TWXL1381,TWXL1381,Bedding,15,21946.48,452
W007255729,LATD5627,Bedding,19,21863.25,434
W005060245,LFMF4293,Bedding,18,21800.02,796
W001311025,HVQ10003,Bedding,12,21729.48,69
W005270418,EMPG1000,Bedding,18,21727.86,975
W005406889,LTDR6758,Bedding,19,21520.42,286
W005404933,RBSD3317,Bedding,13,21341.51,470
LTDR4880,LTDR4880,Bedding,18,21208.54,342
W009451694,ULIH2834,Bedding,12,21201.42,270
W112384636,ANSL1091,Bath,13,21091.55,784
W110173992,ZYWR2026,Window,17,21060.25,510
KBPK5052,KBPK5052,Bedding,10,21059.92,433
W007726779,HVQ11085,Bedding,14,21048.54,278
SEDZ1051,SEDZ1051,Bedding,27,20835.67,840
BKIE1028,BKIE1028,Bedding,16,20806.69,149
MCRW6752,MCRW6752,Bedding,10,20799.47,317
LCST1051,LCST1051,Bedding,16,20739.58,393
W004999501,WDLN3448,Bath,10,20622.25,455
BDUR3071,BDUR3071,Bedding,15,20462.64,292
W111185469,RBHO1013,Window,11,20447.56,949
W009353212,EDIV2288,Bedding,19,20401.05,208
W005271212,MECY2163,Window,17,20400.28,316
ACRY2903,ACRY2903,Bedding,17,20337.98,569
W006235587,DAKR1013,Bath,10,20165.91,560
W004573444,CHMB2411,Bedding,15,20061.29,393
W005438239,CRLM1550,Bedding,15,19920.69,444
W003391804,ACRY2435,Bedding,12,19789.14,548
BDUR1570,BDUR1570,Bedding,14,19785.47,627
W112184098,AWEW1164,Window,10,19738.15,306
W005483801,GGGR1460,Window,16,19735.43,722
W000701932,BYIL5767,Bedding,15,19723.55,373
W000821332,HMRT3046,Bedding,10,19703.3,271
ULIH3045,ULIH3045,Bedding,11,19374.53,279
DCNV1819,DCNV1819,Window,11,19342.52,575
W113988616,FEHH1120,Bath,15,19305.68,396
W010383402,ULIH2978,Bedding,11,19262.02,270
GSTL1213,GSTL1213,Bedding,18,19241.75,276
WLR1263,WLR1263,Bedding,18,19236.2,525
SLPH1158,SLPH1158,Bedding,32,19202.03,563
W005405312,GRVL1046,Bedding,17,19189.28,356
BDUR1496,BDUR1496,Bedding,16,19180.27,856
TWXL1380,TWXL1380,Bedding,17,19120.25,219
W005759045,LFMF4290,Bedding,24,18952.72,405
W100174147,RVAN1264,Bedding,18,18867.6,472
W005933613,CHMB1351,Bath,21,18859.04,238
W003468432,VTRI1017,Bath,16,18674.73,1008
W005059602,HGLN3300,Bath,11,18568.98,235
BMMA1000,BMMA1000,Bath,14,18522.45,503
W005932259,CHMB1367,Bath,21,18497.23,313
W003818157,RBSD5169,Bath,13,18448.82,551
THPS4475,THPS4475,Bedding,20,18426.82,480
GSTL1214,GSTL1214,Bedding,18,18410.79,219
TLDR1029,TLDR1029,Bedding,12,18396.15,431
HVQ11435,HVQ11435,Bedding,15,18393.61,164
W002903226,SBLK2601,Bedding,29,18382.58,208
W001835521,LGLY7137,Bedding,21,18282.77,549
RAOR1276,RAOR1276,Window,10,18281.42,525
W004636665,ZZKO1216,Window,10,18258.92,303
W100808069,NGIN1144,Bedding,11,18192.13,532
W010486945,CEZM1237,Bedding,21,18097.93,280
AXBT1044,AXBT1044,Window,12,18077.78,52
W113048647,GSNB1168,Window,18,18016.69,364
W100407679,BHLV1072,Bedding,10,17978.68,446
W100534185,NDDN1494,Bedding,12,17965.67,178
W005160735,TWXL1089,Bedding,20,17928.76,630
W004472141,ALCT5943,Bath,15,17897.95,312
W003301910,WLAO2844,Bedding,10,17866.71,642
IPCR1080,IPCR1080,Bedding,16,17846.79,621
CNOR1117,CNOR1117,Bedding,13,17838.04,441
W009560665,TCLH1288,Bedding,12,17813.75,91
W110813737,KSNU1142,Bedding,10,17736.2,604
JLYI1277,JLYI1277,Bedding,21,17686.67,210
FEHH1127,FEHH1127,Bedding,10,17585.95,129
W003383122,EEGA1482,Bedding,13,17548.26,694
W005374424,LNPE1928,Bedding,15,17440.89,478
WLRO1145,WLRO1145,Bedding,79,17426.35,152
W003246033,LATT3745,Bath,11,17379.44,619
W010293318,CSGV7892,Window,10,17312.96,141
W001950013,HSHD1062,Bedding,15,17239.75,298
W004515487,FBWX1428,Bath,21,17214.21,412
SEDZ1269,SEDZ1269,Bedding,11,17052.5,196
W005369155,KREE1002,Bedding,28,17020.58,296
W003471807,MROW6421,Bedding,14,16971.65,243
LBQN2589,LBQN2589,Bedding,13,16881.88,76
W005485364,ANEW4035,Bedding,23,16711.03,423
DRQH1905,DRQH1905,Bedding,12,16700.88,174
W004113736,OBVQ1000,Window,15,16700.78,59
W005406196,DBYH5454,Bedding,20,16688.74,343
W011124141,CESH1038,Bedding,12,16605.54,391
W003456093,PHN1535,Bedding,10,16601.03,373
AXBT1032,AXBT1032,Bedding,12,16598.39,54
W006735922,WRRS1889,Bedding,18,16586.15,365
W003467882,TCKP2088,Bedding,12,16475.82,457
W009077837,TCGN1085,Bedding,14,16429.1,223
W000317150,WFBS2080,Window,11,16338.09,772
W005486079,ASTG8133,Window,17,16333.68,297
BDUR1605,BDUR1605,Bedding,12,16296.73,268
W000620854,MAKT1043,Bath,12,16233.43,375
W002264189,CHMB2409,Bedding,13,16220.07,293
W009333669,ULIH2812,Bedding,11,16152.0,220
W005407139,AAOF1147,Window,13,16077.41,209
W004997200,MCRF4947,Bedding,14,16035.12,234
W005485114,CEEC1168,Bedding,10,15965.71,482
BDUR1177,BDUR1177,Bedding,14,15959.28,573
W110814944,ZYWR2217,Bath,10,15868.06,173
W005061787,AUGV1941,Window,12,15801.95,678
W007178722,FBWX1491,Bath,19,15787.61,792
ALTL6105,ALTL6105,Bath,10,15728.12,394
W001546847,GGGR1421,Window,14,15678.2,335
W113831639,GCEO6537,Window,18,15630.05,225
W011288535,HAEQ1550,Bath,17,15599.74,324
W002141286,SBLK2718,Bedding,26,15520.59,197
W006944377,FBWX1438,Bath,19,15511.81,528
BCTS1191,BCTS1191,Bedding,10,15496.72,455
W009268386,AOLO1072,Bedding,14,15476.04,428
MECY3122,MECY3122,Bedding,13,15407.52,248
LMDE1661,LMDE1661,Bedding,39,15392.93,111
W009361177,ULIH2822,Bedding,11,15389.26,202
W007063991,OCCJ1186,Bedding,18,15375.69,214
W000414785,EABU1072,Bedding,10,15363.02,442
W000658224,BL19242,Bedding,10,15323.99,85
W003184695,TWXL1329,Bedding,22,15244.25,310
QLLB1002,QLLB1002,Bedding,10,15237.54,219
W100286085,WRRS2668,Bedding,10,15227.67,297
W002194427,WRRS1845,Bedding,19,15226.13,506
W009881785,GCEE1634,Bedding,12,15221.01,311
W100644395,ZYWR1831,Bedding,11,15125.48,622
W005101164,AWEW1032,Bath,14,15121.38,598
BPOS1175,BPOS1175,Bath,10,15105.23,746
SPES1183,SPES1183,Bath,12,15020.23,165
VQM14643,VQM14643,Bedding,13,14979.87,204
PLYH1015,PLYH1015,Bedding,11,14940.27,554
W119191234,OPAH1240,Window,13,14936.06,409
OALL3147,OALL3147,Bedding,19,14869.81,99
W009298458,ENDG1244,Window,19,14836.96,569
W112235376,QASO1164,Bath,16,14821.46,605
W001859998,SLPE1060,Bedding,10,14811.33,400
W001314773,BL23376,Bedding,11,14699.2,91
W004804518,ANSL1005,Bath,20,14658.88,467
W009973105,DCNV1825,Window,18,14652.65,486
W003236985,ANDO2012,Bedding,16,14633.53,340
W007882096,IVBX2300,Bedding,14,14624.16,404
W001226532,PTOM1000,Bedding,26,14596.81,380
W003328419,WLRO1495,Window,10,14595.4,133
W001992669,VQM10465,Bedding,37,14582.64,91
W100409539,BHLV1075,Bedding,10,14492.23,564
W009451855,ULIH2833,Bedding,12,14482.97,186
CKAI1009,CKAI1009,Bedding,14,14420.2,537
BDUR1493,BDUR1493,Bedding,14,14347.58,321
BDOK1123,BDOK1123,Bedding,13,14335.27,199
W009038187,MOFC1273,Bedding,15,14327.94,391
BKIE1029,BKIE1029,Bedding,16,14313.69,247
EXCH1876,EXCH1876,Window,13,14277.25,180
W004744282,BCHH7549,Bedding,12,14223.58,193
W000788803,GRYL6792,Bedding,11,14161.0,274
W112671167,LFMF5350,Window,15,14096.92,391
WRG10039,WRG10039,Bedding,27,14074.14,439
W100253657,VQM14049,Bedding,11,14068.75,149
CEZM1748,CEZM1748,Bedding,17,14064.73,316
W001881094,AAOF1058,Window,10,14031.17,328
W005630079,AAOF1582,Window,11,13965.12,264
W003402603,TWXL1336,Bedding,14,13737.98,740
TDGZ1184,TDGZ1184,Window,13,13725.21,104
DBDI3960,DBDI3960,Bedding,23,13604.65,212
W010953729,ENDG1674,Window,17,13578.98,411
W005933102,CHMB2410,Bedding,12,13556.2,265
W001018160,SPLI1001,Bedding,12,13551.8,521
BTLL1399,BTLL1399,Bedding,13,13551.74,239
W004360929,KTX1361,Bath,13,13516.81,443
W002332558,MITN3053,Bedding,14,13489.5,469
CKAI1035,CKAI1035,Bedding,26,13447.79,654
SEDZ1267,SEDZ1267,Bedding,15,13427.57,161
W001331531,TRNT5445,Window,13,13424.35,272
W006117006,CHMB2019,Bedding,14,13422.08,474
W007921240,MECY2551,Bedding,15,13379.78,378
LLIJ1436,LLIJ1436,Window,23,13332.02,45
W004254799,JLYI1130,Bedding,13,13301.28,322
W100425701,IPCR1003,Bedding,14,13299.73,488
TKMK1930,TKMK1930,Bedding,14,13295.21,461
BDUR1248,BDUR1248,Bedding,22,13292.26,319
W002435814,SYPL2270,Bath,16,13270.33,499
W005959830,MACE1008,Bedding,17,13230.44,373
W001320570,DBHC8430,Bath,10,13226.06,216
LMDE1679,LMDE1679,Bedding,13,13197.67,66
HMTU1749,HMTU1749,Bath,33,13121.34,53
W005485277,THJL2527,Bedding,11,13071.87,387
W006114595,BDNT1176,Bedding,39,13056.69,573
LLIJ1240,LLIJ1240,Window,10,13053.11,126
W009451640,ULIH2829,Bedding,11,12994.67,155
ULIH4095,ULIH4095,Bedding,11,12974.49,185
W005006138,FV77787,Bedding,10,12961.81,231
W006705577,JHAA1002,Bedding,21,12943.81,446
W004844919,EBDG5363,Bedding,11,12907.8,233
LCST1305,LCST1305,Bedding,11,12902.53,126
PSHP1563,PSHP1563,Bedding,15,12795.93,45
TWXL1043,TWXL1043,Bedding,12,12751.24,351
STSS9051,STSS9051,Bedding,15,12715.34,117
JAZA1008,JAZA1008,Bedding,13,12706.73,341
W006111943,ZZKO1122,Window,11,12538.63,230
W003470712,DBYH8496,Window,13,12523.73,162
W003539540,DCUS1279,Bedding,15,12483.67,563
W004083097,DRBH6314,Bath,19,12440.36,146
W005932777,CHMB1352,Bath,21,12405.05,248
W001623504,ACRY1718,Bedding,12,12309.56,368
MRCL1191,MRCL1191,Bedding,11,12274.83,147
ULIH6063,ULIH6063,Bedding,12,12270.56,172
W111991429,TCAO4376,Window,12,12243.8,250
TWXL1113,TWXL1113,Bedding,17,12236.37,185
W003471044,CHMB2350,Bath,10,12163.51,412
FNRE2361,FNRE2361,Bedding,31,12138.93,208
NGTO1009,NGTO1009,Bedding,16,12130.07,193
W006991401,RBSD7688,Bedding,12,12129.6,198
HIDN2978,HIDN2978,Bedding,22,12112.58,98
W000267664,HVQ11048,Bedding,15,12081.67,101
W004515110,FBWX1427,Bath,11,12041.47,224
W004577977,DCUS1027,Bedding,21,12034.24,390
W006472359,ULIH2498,Bath,14,12020.41,193
W002629684,MRCL1003,Bedding,24,11995.67,475
W005578231,ZYWR1315,Bath,21,11981.86,221
W000438864,BCHH4198,Bedding,10,11924.8,167
BLVE1109,BLVE1109,Bedding,17,11899.45,124
W100522875,KBST1221,Bath,10,11818.56,584
TWXL1909,TWXL1909,Bedding,10,11814.02,232
W110145667,CEZM1407,Bedding,18,11807.38,257
W118154134,LANP1007,Window,12,11805.41,189
W001465190,CHRL8172,Bedding,18,11735.42,477
JLYI1276,JLYI1276,Bedding,11,11716.75,189
W114178867,EDIV2558,Bath,12,11693.4,354
FBWX1607,FBWX1607,Bath,19,11689.42,195
SEPL1076,SEPL1076,Bedding,10,11689.09,307
W006116189,ANEW1698,Bedding,12,11669.47,154
W005383169,DCNV1578,Window,11,11649.49,401
BSTR1034,BSTR1034,Bedding,32,11594.36,66
W005759865,AGGR5933,Window,12,11559.8,404
WSHE1146,WSHE1146,Bedding,55,11527.09,302
W000446666,ALTH4532,Bath,11,11524.3,363
W001039723,CDCS1604,Bedding,15,11517.57,167
W110027868,IPCR1014,Bedding,14,11499.07,370
W100486001,ZYWR1820,Bath,24,11495.71,147
W113228475,GSNB1194,Window,12,11467.97,175
PLYH1162,PLYH1162,Bath,10,11443.85,342
W003719419,KLDF1235,Window,23,11387.1,101
W003697762,CHMB2462,Bedding,13,11349.43,187
W001503266,AAMM1162,Bedding,12,11335.55,167
W117533571,OPAH1138,Window,15,11295.24,238
CKAI1028,CKAI1028,Bedding,31,11258.93,380
W100811075,FSTX1823,Window,16,11219.24,360
CTTM1011,CTTM1011,Bedding,21,11192.09,359
W006110561,WDLN3449,Bath,11,11185.3,232
BDUR1520,BDUR1520,Bedding,11,11181.86,592
W000901813,MBWI1022,Bedding,31,11173.19,312
PSHP1116,PSHP1116,Bedding,19,11169.06,50
ULIH4093,ULIH4093,Bedding,11,11167.31,153
CHMB1396,CHMB1396,Bath,11,11160.87,131
AAHX1016,AAHX1016,Bedding,10,11150.47,310
W003557549,BMCM1002,Bedding,14,11132.54,287
W007260969,SSFL1615,Bedding,18,11063.64,480
CTAL1274,CTAL1274,Bedding,17,11050.17,262
W112391227,FEHH1094,Bath,10,11009.31,211
LLIJ1673,LLIJ1673,Window,35,11008.72,20
W000233785,ACOT4730,Bedding,10,11001.07,378
SEDZ1042,SEDZ1042,Bedding,12,10997.98,174
W001363175,JXS10287,Bedding,43,10975.08,220
W110287033,TCLH1704,Bedding,13,10951.0,119
XBAC1000,XBAC1000,Bedding,12,10945.22,544
W002679940,TWXL1331,Bedding,14,10936.67,276
W004367653,TPFI1016,Bedding,12,10913.87,551
CBKX4723,CBKX4723,Bath,48,10909.26,214
W000101078,LGCD1013,Window,10,10907.45,172
W005407296,RDBT4551,Bath,14,10860.75,263
W003385098,CEEC1248,Bedding,10,10841.57,194
OFCR1001,OFCR1001,Bedding,16,10836.33,386
W009573895,CESH1025,Bedding,18,10824.83,200
W006665006,WRRS1939,Bedding,13,10824.28,397
MCRW6753,MCRW6753,Bedding,16,10823.32,238
W003065310,BRAY2904,Bedding,17,10813.82,220
W003342938,TCTZ1561,Bath,12,10811.07,367
W002537185,WRRS1892,Bedding,18,10785.12,320
W009997895,ULIH2894,Bedding,11,10783.97,158
W110526656,GCQS4614,Window,10,10779.52,91
W000235760,CHMB1403,Bath,13,10776.34,230
W000861449,FCCN1306,Bath,14,10760.12,351
W000491118,WNPR7480,Bedding,12,10749.14,182
TCLH1844,TCLH1844,Bedding,11,10746.58,168
W003560421,EDIV1187,Bedding,13,10722.56,79
GSTL1215,GSTL1215,Bedding,18,10596.86,125
W003259609,DRXO1051,Bedding,26,10572.12,259
W117080599,ENDG5178,Window,11,10569.68,388
BDUR1495,BDUR1495,Bedding,17,10554.54,642
W004438406,GPDH1184,Window,10,10522.98,314
W111724064,TCKP3061,Window,27,10520.68,308
W004252483,TCKP2651,Bedding,11,10502.79,186
W005405388,HSHM1924,Bedding,19,10464.02,269
W002021737,NTBA1097,Bedding,16,10450.87,631
ULIH3080,ULIH3080,Bedding,11,10423.73,136
BDUR1176,BDUR1176,Bedding,12,10422.25,205
W006115634,CHMB1366,Bath,11,10419.67,162
W010130304,VTRI1105,Bath,10,10394.76,464
DRMC1465,DRMC1465,Bedding,11,10384.19,119
W004654580,WRRS2232,Bedding,25,10373.68,362
DRMC1398,DRMC1398,Bedding,14,10329.76,134
W008524501,WNPO8700,Bedding,34,10326.95,148
W005348035,GRYL5144,Window,10,10306.92,223
SPES1156,SPES1156,Window,21,10285.73,231
FBWX1917,FBWX1917,Bath,11,10263.69,364
W007990186,WSHE1028,Bedding,11,10206.65,218
W003580736,ZZKO1092,Window,13,10188.74,194
VCFE1221,VCFE1221,Bedding,15,10149.32,185
W006766161,AAMM2107,Bath,14,10145.59,464
W010750427,LLIJ1393,Window,21,10139.94,34
W003454479,EGPB1000,Bedding,11,10074.3,97
W001957474,HSHM2666,Bedding,12,10036.53,251
W111434063,DKFS2065,Bedding,12,10027.98,236
MITN2692,MITN2692,Bedding,13,9985.55,371
W006499964,AAMM2085,Bath,22,9972.47,144
W006909461,DCNV1788,Bedding,21,9949.27,409
MBWI1062,MBWI1062,Bedding,44,9932.63,246
W005317968,NCXW1038,Bath,11,9863.19,214
W002944576,WFBS1243,Bedding,14,9861.1,601
W005486310,GRYL6421,Bedding,15,9860.91,139
W006036768,DCNV1598,Window,10,9834.36,291
JLYI1278,JLYI1278,Bedding,15,9824.15,124
AXBT1042,AXBT1042,Bedding,12,9821.74,99
W005287250,SOFH1120,Bedding,37,9819.91,458
W113525174,DKFS2160,Bedding,11,9813.38,259
W000313737,AAMM1139,Bedding,13,9799.3,108
ULIH3032,ULIH3032,Bedding,11,9754.95,142
VCGF1109,VCGF1109,Bedding,26,9725.41,198
DBDI2006,DBDI2006,Bedding,12,9720.61,175
W004190454,GPDH1177,Window,12,9652.13,254
VQM11559,VQM11559,Bedding,12,9636.62,90
AXBT1045,AXBT1045,Window,12,9593.23,42
PSHP1014,PSHP1014,Bedding,18,9567.31,31
LLIJ1498,LLIJ1498,Window,21,9515.86,28
W011256806,ZYWR1723,Bath,11,9487.12,121
RRGE1172,RRGE1172,Bedding,10,9466.36,158
W006543377,SLPE1002,Bedding,13,9425.16,386
DUGG1030,DUGG1030,Bedding,12,9357.33,214
PSHP1093,PSHP1093,Bedding,21,9290.01,48
HSHM4215,HSHM4215,Bedding,12,9252.73,264
TWXL1647,TWXL1647,Bedding,10,9232.26,523
WSHE1159,WSHE1159,Bedding,32,9210.28,422
W005483780,HCY4777,Bedding,13,9196.82,153
W005312468,DCNV1570,Window,15,9182.55,261
W005299789,DCNV1567,Bedding,17,9162.66,360
UNOR2459,UNOR2459,Bedding,13,9153.69,149
AOAI1505,AOAI1505,Bedding,18,9145.21,251
TWXL1492,TWXL1492,Bedding,16,9098.96,124
DCNV1827,DCNV1827,Window,19,9046.54,173
LBQN2590,LBQN2590,Bedding,13,9045.87,106
W011337633,JHAA1115,Bedding,18,9014.3,324
BDUR3034,BDUR3034,Bedding,15,9006.58,188
TLDR1037,TLDR1037,Bedding,12,9002.97,221
BZYB1011,BZYB1011,Bedding,15,8965.71,142
W004645088,TCKP1717,Bedding,10,8963.83,112
W110208923,JHAA1143,Bedding,31,8939.95,322
FAGA1023,FAGA1023,Bedding,11,8932.18,54
DFIM1848,DFIM1848,Bedding,12,8929.78,318
SPES1171,SPES1171,Bath,22,8919.3,239
W003378187,POAY1004,Window,25,8903.99,111
TRPT2213,TRPT2213,Bedding,16,8882.68,128
LLIJ1399,LLIJ1399,Window,22,8876.48,17
W000493886,CHMB1695,Bedding,19,8841.27,395
W007192313,HVQ11076,Bedding,14,8829.26,49
W006767635,AAMM2109,Bath,12,8790.43,237
W000832118,JLZL1042,Bedding,10,8661.1,291
FSSX7217,FSSX7217,Bedding,10,8623.85,9
W003191442,DDCI9275,Bedding,20,8608.08,174
W006468293,DRXO1097,Bedding,17,8600.7,141
BUEN1009,BUEN1009,Bedding,10,8589.93,84
W006114409,BTLL1257,Bedding,16,8569.19,285
W113217451,GSNB1181,Window,11,8541.11,212
W005357970,LJD4881,Bedding,10,8530.77,150
AAMM2596,AAMM2596,Bath,12,8516.32,360
W011387223,AAUB3698,Window,23,8470.96,248
W005197423,MBWI1125,Bedding,12,8449.64,473
W001765042,WNST4243,Bedding,23,8408.67,219
BDUR1331,BDUR1331,Bedding,10,8407.11,275
W004198677,FBWX1421,Bath,19,8399.53,412
W003454967,CHMB1547,Bath,10,8362.95,249
BTLL1382,BTLL1382,Bedding,24,8306.08,307
W000875643,LFMF4292,Bedding,19,8297.04,226
W004925200,BANJ4395,Bath,25,8294.99,279
PLYH1232,PLYH1232,Bath,10,8262.94,263
W003023332,HSHM2104,Bedding,13,8240.31,266
W113224954,GSNB1188,Window,19,8168.59,267
HVQ11679,HVQ11679,Bedding,14,8150.76,23
W110792686,CEZM1611,Bedding,12,8127.01,309
W003468942,LTDR8189,Bath,11,8102.42,277
ICKO1006,ICKO1006,Bedding,15,8093.12,109
W000847067,HMRT3203,Bedding,15,8093.02,123
AAOF1057,AAOF1057,Window,12,8092.46,158
PSHP1025,PSHP1025,Bedding,19,8088.05,39
WAGS1015,WAGS1015,Bedding,13,8080.93,218
EBDG2268,EBDG2268,Bedding,22,8072.89,259
WAGS1058,WAGS1058,Bedding,12,8072.24,221
W100840105,DBDI1170,Bedding,14,7988.52,92
W010383718,ULIH2968,Bedding,12,7980.17,108
W006708179,WNTX1006,Bedding,23,7972.66,141
KSNU1184,KSNU1184,Bedding,10,7927.55,305
W003073728,DFHO1045,Bath,17,7905.43,425
W001598088,BLK2906,Bedding,12,7835.76,185
TWXL1634,TWXL1634,Bedding,15,7811.03,468
WCOC1726,WCOC1726,Bedding,33,7804.99,69
W002848205,BTLL1036,Bedding,19,7793.57,221
ERUP1010,ERUP1010,Bedding,11,7781.52,20
W001911045,HCY5904,Bath,16,7763.41,152
SPES1354,SPES1354,Bath,16,7759.27,201
W112070349,CRLM6044,Window,12,7736.77,95
EBEP1016,EBEP1016,Bedding,12,7712.62,154
TWXL1633,TWXL1633,Bedding,16,7700.91,260
W004439049,CNHM1001,Bedding,11,7691.93,170
W005124732,WIDE1001,Bath,15,7662.44,348
WNPR8996,WNPR8996,Window,27,7627.54,357
GSTL1217,GSTL1217,Bedding,19,7618.97,87
WRMG2324,WRMG2324,Bedding,20,7598.78,85
W007163494,CHMB1503,Bath,20,7567.65,242
W007726579,HVQ11084,Bedding,14,7562.29,72
W004744679,BCMH3859,Bath,11,7541.93,233
DCNV2204,DCNV2204,Window,19,7526.1,119
BDUR3580,BDUR3580,Bedding,20,7512.92,205
FBWX1913,FBWX1913,Bath,11,7511.54,372
W006635652,CEZM1053,Bedding,15,7509.09,200
W003465591,TCKP1450,Bath,17,7497.45,176
W007235232,AUGV3972,Window,12,7492.19,267
W004665053,HAEQ1462,Bath,11,7458.06,194
LCST1272,LCST1272,Bath,14,7452.41,112
DBDI2168,DBDI2168,Bedding,14,7408.41,138
W007345672,CHMB2544,Bedding,10,7397.81,38
W111041341,HSHM4390,Bath,13,7391.46,215
W006235034,DAKR1014,Bath,10,7361.24,266
W005483011,JVTE1086,Window,24,7354.82,250
LMDE1615,LMDE1615,Bedding,15,7337.88,33
BDUR1372,BDUR1372,Bedding,18,7336.24,560
W110567021,YA85245,Bedding,14,7329.5,191
W008535787,CRLM5458,Bedding,19,7319.44,322
W006511413,ACRY2724,Bedding,10,7318.85,210
DAKR1021,DAKR1021,Bath,11,7317.68,82
TCLH1132,TCLH1132,Bedding,24,7316.48,22
W100792418,ANVE5844,Bedding,10,7290.21,76
W112459742,WNPP2016,Bath,19,7276.98,175
W009393291,VCBC1059,Bedding,13,7202.39,118
W000767470,CHMB1409,Bath,16,7186.11,312
W110904813,BDOK1125,Bedding,13,7145.25,90
W001586099,BSTR1606,Bedding,26,7144.72,28
W007040818,JHAA1009,Bedding,11,7132.33,216
TCLH2073,TCLH2073,Bedding,11,7089.86,79
DCNV1818,DCNV1818,Window,17,7087.79,186
HLDS7607,HLDS7607,Bath,14,7052.74,176
W002903268,HREN1382,Bedding,36,7046.8,291
BKIE1010,BKIE1010,Bedding,16,7044.17,95
W113216177,GSNB1178,Window,16,7039.72,146
W112276856,BDUR1638,Bedding,37,7025.59,584
BEHF1464,BEHF1464,Window,15,6957.04,156
W100511010,NTRL2949,Bedding,10,6950.19,82
W004039441,HNMS1049,Bedding,13,6862.01,219
W100435415,ZYWR1816,Bath,11,6838.62,81
W009973125,DCNV1824,Window,13,6815.26,142
IPCR1102,IPCR1102,Bedding,12,6809.69,243
FNNC2497,FNNC2497,Bedding,10,6791.82,217
W006018890,ZYWR1343,Bath,11,6787.18,92
GGGR1155,GGGR1155,Window,13,6759.1,144
W100164915,DAKR1043,Bath,10,6731.04,95
BLN1218,BLN1218,Bedding,13,6719.16,125
W011018325,CESH1029,Bedding,15,6710.37,127
ZPCD6934,ZPCD6934,Bedding,22,6710.29,138
W002499680,CHMB1364,Bath,16,6692.1,195
OALL2674,OALL2674,Bedding,16,6676.4,74
W004514728,FBWX1426,Bath,11,6651.94,200
W003461891,CHRL7291,Window,17,6649.39,262
W113228474,GSNB1195,Window,15,6633.02,131
W003469021,HRBE3462,Bedding,12,6588.62,220
W010307923,VQM13461,Bedding,14,6579.48,31
SEXP1070,SEXP1070,Bedding,12,6574.21,139
SSFL1428,SSFL1428,Bedding,16,6573.86,202
W007831728,PTOM1061,Bedding,26,6542.05,171
W002839188,DDCI7638,Bath,12,6522.5,129
W111163956,CEZM1706,Window,10,6522.23,102
W112345137,CCHM1505,Bath,15,6495.94,236
W002910760,MAKT1008,Bath,12,6493.34,212
IXVD1455,IXVD1455,Bedding,13,6486.95,42
BKIE1018,BKIE1018,Bedding,16,6473.75,57
W009897909,ACRY2777,Bedding,19,6438.27,159
W002188320,ALCT4600,Bedding,11,6431.63,164
DVKP2978,DVKP2978,Bedding,24,6429.89,27
W010001652,SLPE1128,Bedding,14,6402.83,153
FBVB1000,FBVB1000,Bath,12,6397.12,140
DCNV2212,DCNV2212,Window,27,6389.95,143
W100694025,YA83846,Bedding,10,6385.63,118
W011429517,PBHM3084,Bedding,12,6370.84,101
W114871410,ZZKO2340,Window,11,6356.74,103
PBIN1280,PBIN1280,Bedding,19,6350.13,127
W003468560,BL23052,Bath,14,6342.4,160
W006685012,AAMM2241,Bedding,14,6340.9,61
W114220952,JBAE2117,Bath,13,6330.68,190
W003474233,BL3618,Bedding,10,6316.07,115
HMTU1766,HMTU1766,Bath,33,6313.16,16
